{
  "square_length": 50,
  "wheel_diameter": 5.6,
  "initial_wheel_base": 10.034687106395916,
  "initial_left_speed": 20.04749338123254,
  "initial_right_speed": 19.95261913264727,
  "measurements": {
    "clockwise":  [-13.1, -13.7, -10.5, 4.9, -0.2],
    "counter_clockwise": [-11, -18.3, -6, -0.7, 1.8]
  }
}